{"timestamps": [1526831761.015563, 1526831762.905526, 1526831764.949021, 1526831769.100524, 1526831772.001535, 1526831779.16976, 1526831780.302732, 1526831781.653177, 1526831796.687917, 1526831809.635171, 1526831810.810588, 1526831812.571249, 1526831827.249191, 1526831829.35082, 1526831854.113695, 1526831855.588021, 1526831856.979, 1526831857.88416, 1526831883.975911, 1526831885.262218, 1526831886.200903, 1526831887.753174, 1526831915.12195, 1526831917.505071, 1526831918.93392, 1526831950.040249, 1526831951.797913, 1526831954.035877, 1526831986.958204, 1526831988.478521, 1526831989.842508, 1526832036.121257, 1526832037.265348, 1526832038.362454, 1526832039.203664, 1526832039.998699, 1526832040.766889, 1526832080.178432, 1526832082.022061, 1526832128.821886, 1526832129.60064, 1526832130.339143, 1526832131.156053, 1526832131.865597, 1526832132.781305, 1526832177.482539, 1526832178.445066, 1526832179.860559, 1526832180.695697, 1526832181.601812, 1526832182.490292, 1526832233.952769, 1526832234.657567, 1526832235.34314, 1526832236.063493, 1526832236.741002, 1526832237.402, 1526832285.112716, 1526832285.855202, 1526832286.725407, 1526832287.443768, 1526832288.125532, 1526832336.430528, 1526832337.122751, 1526832337.961372, 1526832339.212427, 1526832339.879242, 1526832340.546998, 1526832393.345563, 1526832394.098007, 1526832394.700174, 1526832395.413862, 1526832396.113907, 1526832396.724572, 1526832451.013379, 1526832451.714049, 1526832452.375091, 1526832453.111306, 1526832453.924216, 1526832454.611878, 1526832512.571146, 1526832513.23467, 1526832513.964042, 1526832514.808003, 1526832515.504647, 1526832516.222066, 1526832576.340079, 1526832577.038884, 1526832577.722145, 1526832578.390173, 1526832579.056685, 1526832642.415137, 1526832643.103182, 1526832643.795333, 1526832644.515171, 1526832645.195574, 1526832645.942726, 1526832711.63458, 1526832712.354543, 1526832713.041966, 1526832713.70344, 1526832714.381193, 1526832715.12532], "initial_reset_timestamp": 1526831758.954247, "episode_types": ["t", "t", "t", "t", "t", "t", "t", "t", "t", "t", "t", "t", "t", "t", "t", "t", "t", "t", "t", "t", "t", "t", "t", "t", "t", "t", "t", "t", "t", "t", "t", "t", "t", "t", "t", "t", "t", "t", "t", "t", "t", "t", "t", "t", "t", "t", "t", "t", "t", "t", "t", "t", "t", "t", "t", "t", "t", "t", "t", "t", "t", "t", "t", "t", "t", "t", "t", "t", "t", "t", "t", "t", "t", "t", "t", "t", "t", "t", "t", "t", "t", "t", "t", "t", "t", "t", "t", "t", "t", "t", "t", "t", "t", "t", "t", "t", "t", "t", "t", "t", "t", "t", "t"], "episode_lengths": [46, 40, 67, 110, 138, 67, 55, 55, 204, 64, 58, 85, 74, 106, 62, 50, 51, 40, 31, 44, 45, 75, 37, 107, 63, 69, 64, 72, 51, 56, 49, 52, 33, 34, 34, 34, 34, 28, 92, 99, 33, 33, 34, 33, 34, 33, 33, 34, 34, 34, 35, 34, 35, 34, 36, 33, 33, 35, 35, 35, 33, 34, 34, 34, 33, 28, 33, 33, 36, 36, 30, 35, 34, 30, 34, 34, 33, 33, 35, 33, 36, 32, 33, 35, 33, 36, 34, 34, 34, 33, 33, 34, 33, 34, 36, 34, 34, 33, 35, 34, 33, 34, 37], "episode_rewards": [-42.068603515625, 22.19158935546875, 263.7341766357422, 224.1018829345703, 366.2367248535156, 48.69978332519531, 98.72659301757812, 184.7359619140625, -86.52247619628906, -30.961898803710938, -98.13505554199219, -105.18588256835938, -115.97802734375, -115.99607849121094, -88.77931213378906, 286.349365234375, 123.98088073730469, 175.29942321777344, 41.727203369140625, -18.657196044921875, -107.31271362304688, -58.328094482421875, -47.51141357421875, -115.99937438964844, -115.9923095703125, -115.97740173339844, -115.97787475585938, -115.99607849121094, 633.1943206787109, 850.0839233398438, 790.2127380371094, 910.1156921386719, 2283.9781494140625, 2278.708206176758, 2280.7960815429688, 2279.1824340820312, 2280.615447998047, 602.9089202880859, -115.99992370605469, -34.632232666015625, 2276.8680572509766, 2276.2640991210938, 2280.8243103027344, 2285.0752563476562, 2279.3733673095703, 2282.1544342041016, 2276.7311248779297, 2284.57666015625, 2278.217727661133, 2282.2145385742188, 2284.2338256835938, 2277.685256958008, 2276.0628051757812, 2279.0643157958984, 2278.605926513672, 2278.138198852539, 2280.1458129882812, 2277.687744140625, 2284.236557006836, 2278.223876953125, 2283.782684326172, 1164.6268920898438, 2284.020462036133, 2283.060073852539, 2277.0601348876953, 914.6360473632812, 2278.7606506347656, 2278.805419921875, 2283.0928802490234, 2277.6480712890625, 955.4630126953125, 2280.2506713867188, 2278.9613647460938, 1074.0461730957031, 2278.4344177246094, 2278.8785247802734, 2285.38232421875, 2284.7386932373047, 2281.3283081054688, 2282.0684204101562, 2276.324722290039, 2282.778091430664, 2281.4102630615234, 2281.143264770508, 2284.1734619140625, 2277.799591064453, 2276.8479614257812, 2279.871292114258, 2276.099639892578, 2284.9991912841797, 2277.418212890625, 2280.823440551758, 2279.4443969726562, 2280.4342498779297, 2282.658187866211, 2283.699966430664, 2280.5159606933594, 2278.1411743164062, 2278.6275939941406, 2283.30029296875, 2279.1973724365234, 1027.5867309570312, 2280.731399536133]}